signal,samplerate,winlen,winstep,numcep,nflit,nfft,lowfreq,highfreq,preemph,ceplifter,appendEnergy,winframe,label
6.1968579694033235,-10.314183675809147,-0.703033217262338,-8.156404226283748,-9.267797263547875,-19.04807596712975,-8.681341864432527,-7.850764086066447,-14.57626681445108,-4.781271658641445,0.7770578986868386,0.048512245903864146,1.9842587492257193,testRohit
7.372141829172159,-9.42280611537431,-1.1304378311860663,-6.841085108334743,-14.81944974806339,-12.9718883878019,-17.691130460466336,-10.5574722352915,-5.8856978931565775,-11.052758688371899,-9.742457649289573,4.987635795211393,-0.7976060590626018,testRohit
8.261892066273761,-11.494001585111297,-4.177115849560244,-10.116743643656958,-19.63538075199196,-15.291446476565378,-18.117521569314572,-13.136336663715216,-11.38092028639828,-18.00457089425981,-14.098045798934951,-2.2240853652638615,-8.642672203646166,testRohit
9.06047997152551,-6.927184946483313,-2.0066616233897174,-7.073835044094015,-13.13352030778871,-13.03604789726341,-12.379616243026554,-1.159666958020818,-5.50460681844834,-24.101090329759685,-27.383607180687108,-8.635767540207304,-0.23006456501235406,testRohit
9.635527942428228,-7.589848857442862,-3.5010667780482665,-11.8286475623324,-13.908213919293345,-7.790088956986251,-4.23871313839791,3.4159848928870282,-5.4419215859093875,-28.51470856046978,-19.074494076879283,-2.061290743494002,0.7082521995633975,testRohit
10.084554666742365,-6.892222861088081,-5.334591157868451,-10.144774724322323,-5.8168458751253045,-5.390096929191114,0.29193742128682953,1.32778277816889,-5.8412213495955045,-17.122745785310475,-1.1448095758238666,6.528358554824742,4.6288264300258035,testRohit
10.395786182698663,-7.954660185165088,-7.822541253530482,-17.04336696853442,-10.496178308390592,-11.188778404963092,-9.540794977271267,-2.030166017666501,-11.975203938801492,-17.473871349530498,-8.177942126264247,-1.1805912804493017,-6.6677981256960726,testRohit
10.535490191928686,-7.798012999552064,-6.790780118632278,-16.64422396202963,-10.863131837922838,-13.189412664381413,-10.317712631820472,-6.2959662200532325,-14.361580308355054,-14.80668085290797,-13.153788752269442,-5.292655927326718,-11.551060313434691,testRohit
10.55816379423085,-8.103072766810204,-2.7877419938635897,-10.634447711330907,-13.565694425445187,-10.240348104223731,-8.5815022776505,-11.4603293196008,-18.494604766049317,-17.469303542560265,-10.891600869822888,-8.565755705357262,-9.086605139978518,testRohit
10.752557645249428,-7.984715048104572,-2.8534503844807286,-7.583703675920706,-10.308056478424993,-5.584179783196272,-7.515869697727829,-7.893599085414213,-17.27957769058161,-18.40066403822908,-17.87893638411705,-1.553854099944009,-1.0568221055656102,testRohit
10.913077361669341,-5.607623706635942,0.6571892200682289,-8.97444484008745,-10.71139114144538,-8.852255850549478,-3.62949560422245,-8.838636649997202,-16.45353082796526,-12.000447363910267,-7.69279378209583,-1.2944903673896957,1.0192722547231248,testRohit
11.152970246286447,-5.792157770909981,0.32597858232289084,-10.728683408485209,-11.46037762302132,-14.393232007695781,-6.1861168572605445,-6.3054717927664585,-17.989381808573338,-20.3217927049438,-17.29982813954892,-0.2753509196121398,-4.927630376849998,testRohit
11.300358062509499,-6.076513564454966,-1.5592424918567964,-13.848096310057556,-10.8430923754731,-13.784798739016091,-12.440997267894053,-8.191519803258974,-17.048004703337195,-17.55551898545471,-13.194096329511424,-1.9500877521290874,-0.9586514197429592,testRohit
13.235531207711873,-13.629369206791202,-6.817040118778223,-3.356146412911578,-4.047600611596898,-21.56383674607628,4.554117269141515,-3.771712015477566,-7.871615255573899,2.141277707075041,-8.389920757288374,9.532190947659085,-12.896017909623481,testRohit
13.312515951756232,-14.820581169486516,-9.172823910955021,-8.835862235889353,-12.880113597392697,-28.68330066093419,-3.3667100712376326,-11.841854825899624,-14.61407123511771,-7.023686317950679,-11.793479336240589,5.7790048325223164,-16.460238879078076,testRohit
13.627042195924268,-11.982631242404857,-13.75100947108076,-13.542690499377105,-6.614013039575916,-19.630688968922847,-4.559668789418036,-18.743916435257557,-14.327777119259478,3.8512719951606202,-2.5628305660205326,5.65453680756685,-24.15702246352533,testRohit
12.88147268368716,-6.715527961642445,-10.765452242789232,-19.439030206600783,-2.9480579930747917,-10.555516574960027,-13.636062729486145,-20.937779767267134,-14.062403752167691,0.29348288101784104,1.1033334267537054,0.11914522886054238,-20.71608011509346,testRohit
13.100243195972167,-9.05192968049466,-10.751782676916704,-22.325539445508934,-4.128274324458337,-12.717630670776462,-15.315638780222503,-21.72494745917485,-17.549255107391705,3.6157536434176154,-2.7990461229459216,1.6170004588948699,-16.07869691538628,testRohit
12.90233125920097,-13.374993121308957,0.1862299205738733,-12.402600176210743,-2.8496712655039467,-11.833238723396848,-9.04961657219923,-15.591995854559757,-12.944545912354368,-11.189417573947292,-17.064108864674054,0.35110789630676487,-5.854709211819268,testRohit
13.12539162027205,-16.5112203997957,-1.283914235418908,-13.150017970490369,-3.0648853903461837,-12.777889658898701,-6.950342813017445,-9.421829227341027,-14.947271307422117,-7.14488949739777,-20.73129594053285,-5.442113955421611,-10.101043693478628,testRohit
12.99956403018293,-16.347845156819023,-2.39077263704457,-13.029869993688155,-5.839379256852482,-15.203543734453717,-10.743212852659003,-13.020351199223901,-6.840086592496526,2.019688080567591,-9.71617586108209,3.119773543701304,-3.1666240910702474,testRohit
12.736133275848431,-14.828431567965781,-4.713417933250714,-16.614580112773577,-7.109049966028665,-14.180252171796218,-14.765401362431406,-19.57611167903741,-14.626765121554946,-1.1935108164213082,-10.480906129917873,0.35929160589528897,-5.411503262347415,testRohit
12.785334401394218,-14.433138570530678,-5.057292156262318,-16.249849695642972,-3.5347433044484498,-8.577008224424132,-13.463665108170309,-16.577824799254795,-12.31777761758274,-1.4800615589222033,-16.532525106820557,-3.8209098200311065,-13.728947565134394,testRohit
13.047694569911323,-12.396923544225874,-2.1033933071176634,-15.602073407698136,-4.329828655453951,-6.240928563511994,-12.274862664941988,-7.049100640456619,2.2885271053203304,8.601262036300499,-14.822400061608661,1.8620402109618464,-9.348148889851121,testRohit
13.176874816195555,-13.017944338041945,-3.750229488758103,-17.011714769811988,-7.31732035366286,-12.207653477782513,-18.175292949492622,-12.139907539207051,-4.3374798793426566,-2.6819211449164615,-23.499229685289578,-9.139983401521645,-13.694636898711382,testRohit
13.31024842379928,-12.04541927345508,-2.9367942100130313,-18.09020716675445,-4.9805980465914494,-16.798176786739727,-13.333885624296915,-11.058064012791707,-4.357953797315732,-7.599755430864655,-18.8429270567484,-5.73697117154407,-13.56374189352707,testRohit
13.49072129249721,-15.406969331577692,-7.669400087458565,-21.59481486762961,-12.13072816335809,-19.949780288262083,-16.374511608035807,-20.163678727383918,-7.8869839539390805,-8.645413402482442,-22.636461900746912,-10.12013836046075,-11.536178876592079,testRohit
13.753465465347263,-13.768672059419664,-4.992932548623609,-16.934034761299785,-5.29976583213815,-7.440347969394069,-17.396064157965217,-17.08052339325368,3.034106678867718,-0.7795582862627431,-10.761737930894537,-5.12438867109122,-3.126801714656576,testRohit
13.73405848045468,-15.568228683598864,-9.775732691658401,-21.220954122575577,-9.98805365983613,-12.701339149339093,-23.867285190638114,-21.242649993517688,-0.3027158024095522,-6.879668663866173,-14.170444660066464,-11.302105698734028,-3.5898103797680108,testRohit
13.700515438347015,-13.609771096287032,-9.45389901226981,-17.218635006508876,-9.711265357744132,-8.150326700546048,-18.68109706941186,-12.351475242213859,7.5560412008829445,-5.891405305583052,-15.481953448623537,-3.0815282884473056,-0.29244989803147314,testRohit
13.849042984868,-12.491931332372133,-11.738088595165195,-18.76562067442405,-7.495084120922154,-12.523020552624537,-21.108848052657034,-21.737041858295473,3.251416956074601,-10.369749792978059,-18.989437709658965,-5.088101695182473,-3.6311199194074546,testRohit
14.157314551692622,-12.66959349094762,-15.408928349848052,-18.00740512402839,-1.7130760193229115,-6.422398193684523,-19.88748823011998,-16.177509711883882,5.663705832277998,-8.600372325033362,-15.588314187637964,-8.31492436658283,-5.321512571841386,testRohit
14.094721615557946,-10.678715095401298,-13.764990432709515,-16.27420091027274,-4.123708538749148,-5.0273520688818545,-19.040567917245223,-5.61031836848555,5.35026688007493,-6.745858487542771,-12.847228402855237,-3.049600518608054,-1.263315763452886,testRohit
13.898664228134969,-8.707750720623123,-10.220004684902726,-11.93862062051944,-4.103129088689181,-1.7658886088262613,-17.724726912768972,-8.367021016365682,0.06374242977463689,-8.347095272941054,-7.417650326513522,-2.58378506703753,-2.0002597845623105,testRohit
13.658402964008038,-9.123498318550542,-9.649164804551424,-14.832670695216638,-7.667568456091995,-2.9272822020456446,-19.8803878760809,-10.156693678603197,-0.24941951307321536,-5.917236205188733,-6.177314372141918,3.6668503391560563,-1.1569351638548235,testRohit
13.566118915728179,-7.4013076463488945,-9.65008970653197,-16.691186404428574,-6.771401301025091,-2.9859642592924187,-24.329419899216383,-13.68530270460388,2.217119359600659,-6.365561459653054,-5.79994689792425,-2.9426710258368884,0.1944173961752263,testRohit
13.612687819721193,-8.13153202596382,-10.493393555794205,-15.437111309191645,-7.056194982458617,-6.170145317297704,-29.78814397938192,-17.284008103796758,6.153834303766102,-9.354089366039707,-13.589864081055836,-10.088248121442732,-2.0061848466120837,testRohit
13.523467516501706,-7.038530245477466,-10.226844874681495,-17.355836338958962,-9.707991472872742,-9.522670203092463,-31.843030240532247,-18.718691921702234,3.4372115906670127,-8.54982054805862,-12.730139637905527,-12.084854099638175,-2.3740805307644663,testRohit
13.26353447061346,-3.172274972203906,-6.914940777956194,-12.325528788846889,-3.970662442239074,-1.600157692538638,-18.442708611768303,-8.695395127788107,4.434642105136813,-8.074299280986068,-11.086482234198208,-4.998059738107807,1.483771534462816,testRohit
13.130083648363515,-4.887543321215994,-12.51889529235664,-13.89279062844407,0.9013928513391499,-6.160093026733418,-21.069289978585193,-5.94519586916662,-2.1722972166520447,-9.919164224088002,-15.524656502842346,-15.041206504324265,-10.580750240504228,testRohit
13.095262561852028,-4.102778052613501,-10.972443214441048,-12.755780086590223,6.629326310220265,-4.679955942814649,-22.65202229140113,-14.557509416311618,-4.402356974155079,-11.591793830861707,-14.907248441052475,-5.079444099385479,-11.860899826375546,testRohit
12.638773767401954,-4.035352850532428,-4.1989744820822485,-9.912507475054932,2.368932404821145,-3.3074184852026587,-19.390582383924993,-14.187908399736692,-3.214583656485532,-3.1345832691775963,-9.291472808108525,-0.5223234303071912,-4.459417155573668,testRohit
12.625403784124575,-3.324666234526753,-3.5613473960327875,-14.637343404454775,-5.7649364769361595,-6.1228120714825565,-14.266556669339996,-11.377250656186195,-9.439542593455524,-8.451307828965144,-14.016471928168995,-3.2817236564865566,-1.0501873162520543,testRohit
12.53298224487944,-2.8886214074528156,-1.0460584310228747,-11.318965850360401,-8.416282605598557,-9.5327657104212,-8.547065058457086,-8.858783279219788,-13.996892170566568,-15.810311920026505,-14.147928732954478,-10.341416566448263,-5.6065191208051335,testRohit
12.317554539969803,-4.204770757972961,0.08622948703072157,-3.9681852601384073,-3.733225346171668,-6.814693014476915,-9.72105214229182,-8.533405616725913,-11.655085842019801,-10.681063194030186,-11.383021598734548,-8.528593325249945,-2.614043522733275,testRohit
12.348644074230485,-3.9212463888890325,1.5988199151522833,-5.949428323348527,-5.890103381963373,-10.756841957973213,-15.242697358063024,-9.120461936017929,-9.6442502709963,-12.200126152630439,-13.543018888403742,2.1902580117374506,-7.004951067109106,testRohit
12.274864923707705,-6.312766700155904,-0.26125399347221046,-6.8467918880115946,-10.301275485372846,-11.02095257280622,-14.02779758564602,-10.766784481037043,-9.57215380600835,-17.871314241949015,-13.405887433745454,5.18123694315734,-4.936814518179375,testRohit
12.340825044739933,-6.861837901429798,-0.8033430373050012,-5.236584258089378,-5.880230274348398,-5.943920149836438,-10.102175279897327,-8.407902233257914,-3.9430541390684626,-9.113062409104122,-4.929277297796529,8.484889368330819,-1.2522603283689213,testRohit
12.313998488646575,-5.925900546067101,-1.4057240421487731,-6.385077256464735,-8.058277153846129,-8.784433123809677,-12.755780357350156,-13.341743324025893,-5.357027577071843,-10.793543079085543,-15.685648428898608,-2.187045408746887,-9.709604571268457,testRohit
12.31841937988784,-5.382648665674918,-2.4188322258311628,-9.712986098809875,-11.200603396099709,-12.60722972789421,-18.39740595682478,-10.500701363130709,-9.949479044036359,-10.355305604693324,-13.56446027612857,-4.196604331316578,-12.998086963815815,testRohit
12.28403116603292,-3.8117502654260247,-0.2472704047147479,-9.613296110242741,-6.980721090945621,-9.482421193914433,-12.537669641550035,-6.504981773548985,-7.587933178573663,-5.841898311275921,-10.206904522266917,0.37383005378558287,-2.360943810348658,testRohit
12.374401110967987,-4.711655501035825,0.29311749604579723,-8.416441225263013,-3.8095799487520505,-6.631261703199777,-4.287584931639048,-4.963057539526113,-5.904331701704538,-9.49850558681419,-12.698883782307433,-1.2790944433366886,-6.6658154401808,testRohit
14.30017767800479,9.96323692325156,12.770628553693498,-3.6806635427442336,1.276060359245619,-8.448511913041218,-13.480129544141496,-18.004091346586844,-9.71122425926635,-8.975577031210625,-3.5073656411224468,8.139758450213584,-2.1371497353131264,testRohit
16.526063800290995,15.146443116264885,6.864575022204489,-10.088964063202596,-13.609789485344,-21.819201141423573,-21.013992876336733,-21.975625773549336,-18.407110561382254,-23.18263798789869,-13.390866287345382,0.16865266542738747,-4.938839310466657,testRohit
17.459942259705787,19.752896273555585,12.194819323605095,-12.105697928330653,-11.69934863555986,-8.11641407730971,-28.628018092342643,-16.14104751538349,-17.174921208153524,-17.852895421898737,-6.427596140398876,5.95580061355666,-3.6311636538359786,testRohit
17.865291253942512,20.503701335468648,8.775337649305998,-15.617639686375423,-17.537346420033817,-2.517316164754466,-29.060582229698824,-14.815186887357727,-19.283009002260798,-21.05490597901566,-2.2773985349249606,8.422672244985138,-0.69148218385502,testRohit
18.03912411698351,17.282066928979095,-1.3944554826529076,-21.2013155254002,-19.66225370298013,-0.0846851393127786,-35.41568259031023,-19.059605278636216,-26.595886691590835,-19.017901279378876,-2.879863675280107,-1.9369404243132413,-2.7061312110409137,testRohit
18.43021059651348,15.741133759045836,0.056613509883112374,-16.294571227265884,-15.810570777101558,7.291166579865752,-35.18383305521814,-13.38725789801529,-16.861541571729248,0.9206968139363757,1.3343741891325036,18.650527779699807,-0.5612070533294764,testRohit
19.249194767797054,11.573894395039934,2.3801451158747846,-24.36851834206552,-12.146934843033257,9.323984852373883,-39.512399972509684,-22.25733456837301,-14.063645699354296,5.514894053669356,-1.6433173789042639,23.407622375700775,-19.345861825026734,testRohit
19.59125755622926,6.505035938966552,-0.7665466815363716,-19.572256507810422,-13.770843110359921,-2.8638731950561267,-33.15060118918335,-22.594696052657053,-9.58470467929205,3.498421184724334,-4.787333721800141,23.24900805451437,-16.1158670138221,testRohit
20.126804244149582,9.24146395403012,-1.169652622881305,-21.753571865390906,-13.646569306516271,-3.6225810511385697,-32.886978139127244,-12.266195169699381,5.87885984053937,9.702033859022084,0.8798387813843861,20.43127948324973,-18.46220599896651,testRohit
20.257968885109214,7.518282704266671,-5.282752621943726,-23.66963551737061,-15.815995490869597,-8.778497775681963,-34.037323693921074,-5.5841724543974705,-1.7169282501955172,13.372008979912684,1.8476343639358537,0.42470993558467507,-18.06621303042503,testRohit
20.545260472874766,9.293947354151284,-7.7109397336206875,-26.556081769979176,-8.80053785592181,-4.76650326883476,-45.82509461999811,14.576383585445713,6.22520666605293,7.107049690614943,7.071092007964745,-2.506100739207398,-24.19497129628387,testRohit
20.648576247121017,7.920886183723522,-7.877859036377839,-21.39661095615087,-8.764638239338181,-4.966931589720236,-42.06268363188927,23.26198380088079,11.767902867845503,3.0220035048550034,-2.0325149244914864,-1.1153947744048585,-26.659483743546687,testRohit
21.10033607966291,6.811041462885276,-11.27326993666103,-19.924352875310415,-8.633987391171864,-6.093128708077834,-39.337776393579254,20.752850191988642,22.996449032701637,8.284175363920086,-4.8100786470246675,-3.0645671749706365,-31.1103489066993,testRohit
20.919398255375885,6.662172944995971,-12.564650645706342,-21.55274532028786,-10.353687745326441,-10.361192785027585,-36.4077486197734,15.268506505696191,18.516787460188922,4.940409393508331,-8.650776124349346,-7.38139333102799,-31.685416356660053,testRohit
20.264831633607887,9.071275913306598,-6.249347357665636,-14.998990086435931,-7.410982026792158,-14.174316640040693,-35.58796546517771,11.389845195071006,20.178371689913238,9.406448339282532,-20.763676733116583,1.8506283705686215,-30.220976917417126,testRohit
19.00289418472222,8.249508498952888,-3.999972004236695,-9.087868712728238,-10.486525072139095,-12.836321647347104,-24.93426113799761,-4.894988948879352,-4.468575676642391,4.379723551379136,-13.991526290689759,6.630381995315651,-17.55338354725284,testRohit
19.29094927512788,9.419724244771189,2.1038349404262924,-6.727507216752252,-20.14201924434589,-5.048244328990629,-30.47002424338531,-16.824980158194894,6.432531239628725,17.664301650721598,-14.49311709651266,8.193511783100782,-22.043056042856772,testRohit
19.596572736562496,9.416464226579535,-0.7124373277590709,-5.779491667533568,-22.078555791253276,-0.8014638283913307,-30.81635908938445,-18.157501317947933,-3.924063912298784,24.91553790550462,-8.520627496143065,9.990625536195086,-25.54261588285371,testRohit
19.842106690715596,7.925840696345717,-4.714813369140013,-0.7117905293455017,-16.568226890739876,-10.131615158031854,-33.207575772008425,-10.312266850826848,-11.338747055728653,12.513249347245358,1.3966764699368202,25.057233213733234,-38.70603360761728,testRohit
19.720872905746056,6.429651541216227,-8.582950893567897,1.3780862366482274,-7.957618431800947,-20.786783996109815,-36.338103819302,-13.571750112520606,-8.230712599185575,-7.052034015034967,-6.790041335181921,26.67216786410834,-33.744949650701166,testRohit
19.152254191697985,8.818988930554577,-10.89822903286677,-0.9595999406540562,-6.350674200041141,-29.542402025131537,-40.406349526221256,-12.90213514153163,2.8477360133791882,-18.475152389603643,-13.53863909887132,34.85335938844257,-31.630613309027723,testRohit
18.292507824822014,6.6649338454035005,-7.445898622667932,5.124761983409448,-0.06406179819320443,-34.60573078570166,-34.94677767087403,6.133681965707782,13.8938119096519,-15.223780165849757,-16.325670994939014,17.3334605004191,-20.26029507310569,testRohit
17.591259231570568,9.00970519573178,-12.9980332679235,-7.98086529936467,-3.9137658051671265,-15.374680595112702,-49.17045278586106,-21.93294916160708,19.398975475587424,-5.713852443242151,-7.325388377698058,11.301876096308963,-32.05891716128975,testRohit
17.33205070950766,8.389715006056164,-9.74369398837011,-11.138341542516297,-11.551848186588092,-8.641564123398817,-41.90352437110475,-33.64116861659158,15.126171078657324,6.84727131541774,1.892803389341072,8.367195265760722,-18.98967342554918,testRohit
16.715763415394306,7.284331694401258,-8.309539609084723,-18.19877342215724,-15.02856262076102,-26.91557959372186,-40.55944526563344,-19.351804921884238,3.9345460575073945,10.917527924894712,12.199831164780338,12.501141274588688,-4.717918265957042,testRohit
16.04215361506787,6.342735960308777,-4.9474444819298204,-12.978646826161706,-15.882522517787597,-27.749209626569694,-31.325350914866355,-10.99182449507875,5.954157375664146,2.0982911963078132,4.845309777473315,9.125484118565078,-9.07172485206155,testRohit
18.94704206928613,-9.186325779257151,-21.79751427253184,-20.569992925147304,-5.719241935055316,9.176108602368483,-25.441891413801876,-11.013968428351523,6.668273675685166,-22.474394382158426,21.060470729059222,19.03021271796711,-28.728903248170326,testRohit
19.920491035479365,-9.532846162058702,-27.205565160902868,-31.93899077695735,-21.274351632437245,-1.0893106397047605,-43.70942245435495,-31.11974369429476,-0.12823493274810896,-32.85339425150037,14.96640538420656,3.124229865545164,-35.489135120225924,testRohit
19.937822353867453,-4.537074040032515,-19.158850473767277,-21.863921681662724,-9.084151028966277,12.880301661681314,-30.108358510475156,-17.147591841100823,12.895636269512474,-21.58181014534273,25.167357726812956,12.308464038609873,-28.560482657584657,testRohit
19.27810275741691,12.425464064936085,-4.432923404099562,-5.739007667465166,-15.608499492992923,-3.439772315257562,-28.85045295798864,-20.077266863047264,0.01997618131922852,-6.775868584818255,21.496446108650826,-3.4417779589909845,-14.927224765911996,testRohit
20.401517573421728,14.1256954512308,-9.855257075285543,-19.670774883918657,-21.583050133116632,-3.8809408962533025,-34.26022939126491,-33.99367615446301,0.16345743193014475,-12.009991496363366,8.396473403420545,-4.775917837127359,-25.681197844917143,testRohit
21.05857161101253,15.082351313979592,-7.100826714303919,-13.721724484875338,-14.375669903030117,3.5197762574086973,-26.251448195371026,-32.29915482778181,13.250169346565185,-0.7662341708782837,16.082816199412864,1.9169852649910804,-19.306622257843628,testRohit
21.323323313550805,13.390320500939582,-9.62838375495597,-22.182342253215143,-22.304430268068447,-3.1299054208248407,-27.092676318525683,-34.412455954531886,3.9193521418383543,0.553499386197582,13.373031757876346,-4.0991951817929255,-24.265499147455007,testRohit
21.29229885344203,15.564644592566946,-11.7142472066469,-22.541146278241055,-18.76131566496934,-2.8443506187509238,-24.135014146873427,-23.473066002326487,-3.822566499577184,0.9617920623372563,14.51408891185029,-2.7756847556545363,-19.03907716223255,testRohit
21.04811846294916,19.3112758993535,-11.165287236404707,-27.909874994725083,-12.789612218649328,-5.784781672469825,-26.265440885879375,-25.85322173230587,-2.887970162520661,-4.6537935024034915,11.141626058990468,9.460320659732513,-13.427013950188758,testRohit
20.299752241101647,23.113824616384537,-6.011134169152085,-27.12698936678847,-4.718351400230829,-12.39957977578784,-14.50808562824753,-19.43306405261045,-9.7137323527095,-13.100918943184906,14.740030247489454,20.58810209958081,-11.360013449309523,testRohit
19.619940018948665,22.069859805663164,-0.9888414174150041,-19.336484840089803,0.7330247890496494,-6.929841423394361,-14.191148677600182,-10.807543826417193,-17.868279830731755,-25.395308500806216,-1.4253463292976232,18.958658606925972,-4.758224602955697,testRohit
19.675842247630147,20.99979793987751,-1.864722731202338,-18.04392344735154,-0.732376400547794,-8.631514617912586,-11.622746099733726,-13.622212982497285,-22.340759495530577,-28.722606945946414,-3.7752730951815736,9.999420040864715,0.011539434780052251,testRohit
19.609396206015997,21.53597015266995,-1.8830139083974387,-20.37082732053456,-4.368539248578744,-11.706789087789593,-17.270417105392802,-22.443481158973416,-22.602035554620908,-24.558145969276158,1.8894972620789046,3.9681944616384106,-4.92988328031885,testRohit
19.699289020439707,19.090459750776724,0.25922946281213805,-16.2221761400947,-3.8094818642800634,-18.659576721529156,-19.983847149217524,-32.11089269749269,-28.173314444745937,-16.98242979523861,8.127748488164256,8.794202689961558,-7.235508161835625,testRohit
19.85647934671462,18.493560092456672,3.0960016729110076,-12.699703455366144,-4.465601277116149,-21.09745989955615,-16.93478756179308,-28.455980862872213,-18.62377725257154,-8.802501097065111,4.86358057049881,3.8881283547054073,1.7225253475429467,testRohit
19.89964113789861,17.662909249349166,5.036264913004812,-13.837079873227735,-3.402696007994127,-17.26333360265745,-25.68658435425955,-19.284537170679855,-17.700341566665323,-19.293790524896053,-0.0595554797143642,5.710236321588515,1.6152555470650127,testRohit
19.701146557593166,17.821568474086963,4.49914107258998,-10.50158569913538,-4.679237471420464,-9.770881857727897,-21.678911704563987,-13.614506214687799,-15.677901127007283,-18.506604227401624,-10.91118544289935,1.6320704512960469,3.945200530893589,testRohit
19.243435973048474,17.478188590777908,4.856837607531588,-9.60790509729475,-5.938441003345103,-8.976675295487311,-20.436937866501882,-8.538489215842768,-10.022961459366135,-12.40410165365719,-5.549184165165484,2.7658865425009456,2.3178496263979698,testRohit
18.51394092942376,19.26652258743807,5.281974668574733,-16.633366189976552,-17.150766523675557,-12.196917476169626,-19.22799934022848,-17.608134840166144,-16.81203692552283,-12.065630737058573,-15.040631221582757,-14.956325208184024,-13.805694437320776,testRohit
17.52116805018432,17.007816899423783,5.885293380790399,-14.319916624236605,-17.232194287310225,-17.302352521212033,-10.558047585600333,-13.057814501925062,-12.2683646871704,-9.268718655981662,-16.960166405294043,-11.200458900642486,-11.259364707155102,testRohit
16.6808570385743,15.121068408825433,6.034034505644154,-10.270257066423648,-10.851097740624489,-7.322560825233959,-7.493317756908416,-5.525442887256373,-10.16547390558309,-8.373780594730393,-12.162767446437057,-0.9287696548898846,-8.699437013569943,testRohit
16.41854306487813,13.126270579246505,7.050208363016034,-5.9432323339993625,-8.578004003929118,-9.305475383413611,-10.788787527858684,-12.678354306886641,-19.42346330613327,-14.156961616121968,-5.8631810153822705,4.644886244831626,-4.813260498014985,testRohit
17.065449783000545,13.111779492612284,3.5488514662641997,-10.198929625261659,-12.93382693869677,-16.556557566666495,-20.804972434860648,-19.398582626472336,-21.37354310153115,-13.5688432176016,-9.17307013157296,2.2158628206664934,-0.12750699858971992,testRohit
17.237593734358548,13.507462635559817,6.353758841326655,-11.401756139817104,-10.433024322512306,-16.601736541631524,-25.033718141084616,-23.24435935503617,-16.17489366131736,-3.5649002083994747,-7.937763703704214,7.969392777960909,3.067678263888613,testRohit
17.04772824945381,13.187013170207338,7.408887632325543,-9.936306411612247,-11.575477277850885,-20.35133584037425,-25.696950588895017,-21.793508463675458,-14.762092335478526,-3.2955215457979103,-8.222913636065941,5.172323217897564,-2.5553447000423724,testRohit
18.998687419601136,1.363229624541959,-20.92212288214205,-23.64520548344483,3.077197266788922,7.228914881394499,-30.807519617735558,-35.823632403185556,-3.300372123194085,3.609504107850411,-25.620930719809547,20.553485245473812,-5.022141255223238,testRohit
19.02085777502802,4.415775318818638,-16.73269643700701,-19.028512267448328,8.01461657527474,12.839473029143948,-25.186281356974366,-29.79190772334504,0.9684072647037872,3.627508859883587,-26.11538295917554,16.894752508004224,-14.07153941392617,testRohit
19.20650416251796,16.34948482942071,-0.460598081396346,-9.08861181762131,-5.602203123450522,-6.891584145945101,-14.873276991410977,-15.460106800848099,-13.643641113857456,-5.993706510653237,-12.794324284703084,33.741426877318936,-10.042596288451067,testRohit
20.08774622947314,25.733155705734976,2.232893118690863,-12.364476746535109,-28.387442905766186,-11.80961887088989,1.896377174339735,-20.965628643259432,-12.389698376910484,-21.18186776344156,-11.1320155249059,31.2483746494638,3.747306912957213,testRohit
20.52869107886478,23.289647674537477,-1.0692846156117843,-18.093153532941002,-37.87034183420696,-15.39657654076407,-2.929223647548171,-15.727863758413116,-12.20910830673084,-31.518176052086254,-14.625920636106867,26.51576967676087,-6.284163613417362,testRohit
20.622703428427048,22.528525934014677,-2.367893062182167,-17.820308797818992,-36.11900016982771,-12.57197075542203,-5.710064799671084,-13.79208933307201,-12.161513630721872,-27.91669886359821,-6.6451725872667,27.712410968077563,-0.4659563495032959,testRohit
20.555447295206285,23.086906084235732,-0.13575158956277303,-11.869675899955833,-32.99906246731725,-15.029828608379702,-3.8600948895488716,-10.111423731028985,-13.395698159793621,-25.358983444838543,-14.450513021507211,15.379367071899917,-5.858385477097533,testRohit
20.553410075126475,23.373399005968793,0.4910672015039587,-10.806375404515906,-29.111693207247942,-14.987357790093064,-5.169826211664825,-9.851048396399595,-9.633458881782314,-17.50632152652067,-3.679189467702542,17.361388265313153,1.0480276556196548,testRohit
20.45648484956123,21.298468973222484,0.7100424961983277,-11.075791556649762,-35.0469411606447,-19.12720937410847,-7.612975715659665,-10.349473686619069,-9.029141249318025,-27.570258858691844,-15.758718260578899,8.1373022376299,-7.396188296480731,testRohit
20.440454519438497,21.927805537025826,1.8516197587864522,-11.341847227056915,-38.89709238437816,-16.571830773598965,-10.001221740026969,-11.146415007775548,-8.861835222796559,-29.912156699462276,-12.79781948231846,9.861889799033444,-13.69773942592135,testRohit
20.473401421423507,22.799178574608128,1.2516945212002648,-5.143727852101997,-30.315772362133956,-12.907568883143549,-5.53140457674588,-9.479688728929831,-0.4771462325187456,-21.568826492822172,-9.4617376844797,15.098624816002378,1.8313309666589983,testRohit
20.487733555421638,22.067213251445605,2.1545091308559443,-7.273796313307326,-29.594015935254173,-15.028880072461902,-6.38711270321917,-9.737380147912814,-7.129476635354561,-24.319755638202437,-12.034546203579941,13.771387219622785,-7.563722362631923,testRohit
20.472339619738552,23.36741442473427,2.0251493213900784,-7.677021625684461,-33.655261081075636,-18.21224495647936,-8.785165462849971,-10.094893896203386,-8.946157478372994,-26.049791356306766,-11.888369086938468,24.045291583263484,-3.981700364091851,testRohit
20.53723695091794,22.723001656018933,-0.21654840741555043,-11.292625285486558,-25.49599657086656,-10.526707478178919,-9.993813968061806,-13.863640892024032,-10.467261239517986,-28.193691619609414,-8.28039171957842,13.62428635878453,-7.575554957149068,testRohit
20.6222484715945,23.882260993420314,-2.137116026445492,-18.499180280886655,-23.471319265569193,-11.601352858933991,-14.82188862123846,-11.212747448338021,-11.435940984738785,-33.848869853559385,-13.579518272831221,25.42048509927974,0.48698476264805324,testRohit
20.57648960423648,27.0983154398474,-1.2576360153970558,-17.37765206551792,-13.33305298494824,0.9571943181305134,-11.033080961062812,-11.529035343677068,-4.228949764798032,-31.741352039455734,-17.973222514043897,32.48800689524427,11.863819318478974,testRohit
20.129386827580042,22.336906719649495,-5.211309624074285,-22.158026193029382,-16.884084566814963,-3.890171084167583,-22.020209078127845,-24.488859605922805,-15.385587062831247,-31.505114538857665,-20.685705709242743,11.669263701471266,5.870724868730379,testRohit
19.238922832118625,23.308575623718436,-1.7894079571816022,-21.358465951807943,-14.34692503643198,-3.1013416933203177,-17.93562529625859,-25.52639900255056,-14.466209286158184,-17.966804223839492,-17.219548185119706,9.684758149491078,10.710941077088526,testRohit
17.690331071641307,17.300596890308718,4.050464837434478,-9.009223872485935,-11.65093845596061,-13.852423627694098,-14.900818642306538,-12.041957493689155,-8.827280755550344,-8.347982321624434,-4.587407477297829,11.91407541219254,6.991629001218323,testRohit
17.563038573782812,13.345243798857235,3.6036276867693675,-17.36747001534196,-29.49955987205621,-27.724906118061718,-22.743768173532434,-19.85143471273122,-19.860699186863258,-21.53890664116409,-15.75626206798614,-1.4363994875598323,-0.20597270555488373,testRohit
17.38950494918929,16.024836666402706,7.966498711587357,-11.830733654827979,-20.904823146687736,-19.17689141444823,-14.784841243784605,-12.659891457560766,-11.28827399295462,-12.572785552238537,-1.9698126059392544,12.686809641890243,11.357033380839347,testRohit
16.839291643583,12.580584182276274,6.274278810524204,-15.56993170858478,-23.206269854478194,-15.193957610033094,-14.684458559022442,-14.658121858854956,-18.173740234546933,-16.985049169833083,-4.8570476188010785,8.495250828115742,15.314665227498587,testRohit
16.491443640006352,8.717317574317997,3.3547036305900844,-14.916270758462082,-23.50150520283816,-21.12276954094768,-22.93488671634418,-20.67540454206249,-16.974307952533415,-15.612606916903614,-5.7775951775640335,8.491737639155552,11.616341992836151,testRohit
16.228168006277016,10.361033074952948,8.255003951469602,-9.992715324534178,-14.639206852821493,-17.28847991736519,-16.42559206726999,-12.110637305420502,-12.780450838602679,-14.245616273991699,-8.796569647155604,12.885423954812474,12.61010562039516,testRohit
16.209731869083136,7.878711878903275,4.731702068384343,-14.231590919767031,-19.768396766729772,-26.154237544000356,-22.528366977142237,-14.993432180341165,-21.556762083023568,-10.138307503046951,-4.6848941711959045,11.71061559945792,10.979493975176874,testRohit
15.834008454439749,9.558287621148672,7.127894048201132,-10.111789430024531,-15.745490082337605,-16.546198578768482,-14.800074290837594,-11.479121437189727,-17.603142958983234,-12.822988501749906,-9.951482632021989,9.48003521084745,13.157651193660227,testRohit
19.145935297704817,-3.8745241678612876,-15.332370967251949,5.799780544045283,-8.34998770234993,-5.176481361733492,-60.393380238903596,-10.623688860557682,34.63579431413395,-9.528442253832143,-11.893558307105396,19.760193447473352,-13.240657229295701,testRohit
19.825494272306944,6.246481128303248,-5.852392753884732,2.8542562044915343,-12.94230146600507,-10.331797665239321,-60.309715545947974,-4.166592940409739,33.75426315927927,-9.779043029763708,-18.013007581476394,12.577612051173695,-17.51133631987145,testRohit
20.51556786941561,5.130912797617289,-10.31970048466227,-2.1666337640328863,-18.288432466294378,-20.825204754884883,-64.25652889110962,5.332975140992495,11.732310408506567,-3.207061409701232,-14.726637164409922,3.4349420779985462,-13.249568791028684,testRohit
21.119036741133385,8.836523245644141,-11.72941344698287,-11.357591306356383,-7.230752344700453,-23.777014538774466,-69.22914700513716,17.546066017674214,8.65762291461934,-2.7902738663846076,-8.888178693571154,3.8083021734139715,0.4189066244544091,testRohit
21.18723676056723,9.18115405753718,-13.160925378901183,-5.611815289155015,-3.8400421389722483,-25.710130540175772,-62.531419290480294,27.708670446441758,6.901734684410707,-10.765440348217146,-6.82665355902925,0.9834041700466334,3.1235225019985764,testRohit
21.60514294980139,8.690733609765918,-18.615154581643758,2.3862456588159775,0.41314387603758096,-32.30443610048605,-61.87962235633092,25.123349026176925,3.674547995526889,-13.360550581685692,-6.064903528068052,8.463390499327366,2.169629870886599,testRohit
21.37164086648679,8.700177324573271,-14.367179049791437,10.267834996555134,2.1323987921766365,-32.60277499504645,-62.35126408192105,28.27637198870222,8.267143033901808,-11.981631213930743,-5.994072339923644,22.625358951433956,4.330728646194237,testRohit
20.929429170394926,6.396024172361586,-20.35726055863015,10.643496364028884,1.941888568368719,-38.822156853342726,-64.12348095365165,10.398558869138578,5.060959455880287,-19.433553648191378,-6.030756525069601,22.34356892108245,8.443727212385143,testRohit
19.391020276445975,13.878457807731904,-12.631529492486226,2.782917364574566,4.504788380634683,-31.6755253719952,-51.668907816373356,18.020288150372327,0.3761878864188542,-8.356151872520302,-4.055739897277264,20.955020050550925,5.444708104381539,testRohit
17.09211857974994,9.41696207690209,-4.5473075647698025,2.1914200923652274,-1.405324950891064,-38.43795881717631,-39.458200509826405,8.654759311950855,7.372117968988879,-21.37905986885859,-10.10051852335421,4.125170748214126,-4.355623024074943,testRohit
17.316024948564547,11.60331795568656,-0.8320722192254446,5.350778619726009,4.298683961276803,-32.40527857735954,-50.18610746364613,2.95914913693997,4.912946482629724,-22.599369999287276,-7.5528575765348025,6.765097978646545,-5.395247459145794,testRohit
19.820532129404857,9.270819711064458,-14.481975937938076,13.335749699781873,10.529709785173912,-30.143229328436995,-39.75528819701948,-0.8069732363299233,15.898616499999427,-5.06487579373368,5.1358351483923785,12.151196435010426,-1.873192178748023,testRohit
20.83289514396989,13.08403137150059,-16.86079854258582,1.5627555856407573,11.92905865935481,-33.775490251010496,-51.249188702489334,-9.106421799610699,22.105236454245166,-9.775682656576757,-8.64413550974217,28.670293326174523,-7.18866432390648,testRohit
21.04638603531229,13.876144083812425,-20.442696148018484,-3.9837163190649023,7.79536540616014,-35.10074009966571,-51.073113021129025,-19.074120426965955,14.028284151353304,-12.672535536486196,-10.893413540176702,25.08517322037842,-15.269745370587538,testRohit
20.60094590309167,16.382385883521444,-18.134629632157957,-9.614672715922074,6.035112259598208,-34.76125765750199,-43.54721397833849,-28.14820755659035,9.137814252746368,-3.615422645845385,-18.576387817246513,21.057025373871955,-14.749232150009414,testRohit
19.78134168819723,18.21583703399156,-10.418531542691271,-8.747618410506394,2.0278721466676775,-16.808450800897933,-26.27815518313958,-23.441296246989538,0.5775880320766991,-11.718799098563785,-10.130065071264118,4.094431605582038,-14.733051695122558,testRohit
19.952894204291574,17.122781268081532,-15.250840365725217,-17.25679663418485,0.8615669947469767,-20.002621245625352,-27.528966961128244,-27.642339577898806,-7.130747668035404,-10.302225924172118,-7.483444833432856,4.225751665550893,-1.8841017051799671,testRohit
20.331865063626207,20.960199859661746,-11.349679964225054,-21.273920092224675,2.94122513929444,-9.47258757078359,-21.17907657936176,-29.07133709961681,-4.906097169076133,0.21564130928631084,-6.652594236538756,4.958653987211989,0.9459216950508776,testRohit
20.42380517309757,21.130890411354105,-12.132107058657292,-33.3009258049236,-5.9286213629665685,-13.27210874692606,-27.685492095315034,-29.993077132776317,-11.99266725101481,-4.905177990137644,2.7791395021992136,13.508997956637089,-7.6259208046296365,testRohit
20.54228122854112,22.28161957740081,-7.960052232547361,-29.714095153699827,-6.575537052252835,-10.056562748391617,-20.88441701607531,-26.165227641081493,-16.71558312391671,-2.2606207594559358,9.962368286239135,7.282700279056316,-10.060936075137526,testRohit
20.39140459708059,17.24314960076848,-9.421786400381453,-26.243799746921564,-10.260050715070065,-11.634582933737981,-25.215493583027612,-24.001509416042854,-18.11884504619672,-4.828325680448242,11.704134227627074,10.089148821301446,-5.577548862153035,testRohit
20.099283757874815,20.462757669609758,-6.691549283641235,-30.668927352163664,-5.421512235939476,-7.517401919409354,-20.61956601574016,-22.622784047692033,-21.32496417093615,-14.245650688500636,12.12773022317796,8.3427919870633,-13.882612992887172,testRohit
19.993618810668924,21.393605137640797,-2.379025162797542,-29.581192510908856,3.624879869528675,-1.0514848669380445,-17.229202828108182,-20.619703853182624,-17.3277010176002,-12.179628078297958,14.597276843940845,17.067539168551455,-8.175198684291926,testRohit
20.122568509247756,19.617327032208113,-8.522912840029527,-32.84662603556923,-3.35938667459192,-9.186986366490116,-22.643001144993104,-28.78062067784195,-26.21837323820677,-13.282871953905321,2.281635199700589,5.2179647010901125,-18.99376088110361,testRohit
20.26667804572878,21.359447117839032,-8.678570950986757,-30.087259609604327,1.8465623293107234,-2.181926815390412,-27.260324044731767,-24.35134135546042,-17.621789425336374,-2.605657642484544,11.297006260348478,12.724696688484626,-5.742280904287323,testRohit
20.519574897535474,23.56671493567886,-7.0180800737764795,-33.399917867830716,3.483286659494916,-8.584489816278342,-25.319349006134825,-28.58275409465316,-12.200977864922509,-1.710537884169233,10.231759866891386,10.141968389056881,-11.168685138360951,testRohit
20.59547954569778,17.84817338978471,-8.256332110306596,-28.635109822273794,-1.2993704807424855,-14.697773423967961,-21.006727631563507,-25.818909938744124,-10.860671688201139,0.20998398029679408,10.972842023276993,17.81626397362686,-4.470058056114626,testRohit
20.736765817506765,21.42395523597813,-8.09995845082229,-35.16114664018199,1.8292196573582653,-15.699958933154425,-23.959230251276903,-24.319585380513974,1.9177125181581922,-8.4705917915576,9.421547442731944,34.62828016623902,-20.31820149889497,testRohit
20.707103123466183,19.48666595790241,-7.485555909075969,-27.771479629931843,3.27986873337417,-14.855037899157299,-21.75883399327705,-17.58901858214695,-5.22817864072989,-8.308850508727971,1.5927189319473127,35.26393937296635,-22.22141983182991,testRohit
20.78384305672019,17.455652907691906,-10.241489986096935,-30.543969021966998,-0.628007705964683,-19.836086895388224,-24.936301219275464,-22.58688244907804,-0.306894874269478,-9.385287287719652,10.466974669896267,41.036852990106716,-26.619115797188787,testRohit
20.73058248976624,13.774403503109323,-10.914936594171904,-23.715638949293123,-6.558732197303446,-19.652412848538802,-24.958201633650848,-24.133476870774626,-14.69635899292995,-9.368471228898994,6.189627987501479,23.16043149475666,-30.53364534405527,testRohit
20.679526103797333,16.364480903605667,-10.547394113795226,-27.081623071230926,-1.0676245455162674,-19.1505896752841,-25.275780761318153,-29.6016650323556,-1.568940804918697,-8.173586316153278,12.537821468807415,38.52296430226527,-41.328204943423025,testRohit
20.47133494110527,14.813893303248921,-8.72540668347604,-15.466583480500077,1.014866569735666,-12.888608339062646,-25.91699982041243,-36.86012184887881,4.8976060982155545,-0.9782829277250007,1.5766812187561634,24.88381029460586,-46.609650789219785,testRohit
20.426802724323448,13.552285900372727,-12.717196866382187,-14.079385080033335,0.33361928218092596,-18.834604102097337,-30.698051866982716,-43.81580431824537,14.102918901637254,1.01140553181584,0.47450775414417584,30.147606414187376,-45.06673527412007,testRohit
20.10956302412819,14.168069327519396,-14.567359842381837,-3.504011277870356,-1.1308389075848195,-13.399931988759459,-39.45980084092337,-45.74731504618742,21.210160297257723,-11.33452260758828,-5.0290630651126955,6.324972481971187,-36.55072693908451,testRohit
19.663094255200782,17.022075382953282,-19.986510620870284,-1.3451679407998778,1.8260521437994675,-13.161257406350025,-30.007244138580717,-41.00348731934429,20.653826386502523,-18.769862780673495,-8.466088239374292,12.880931218881617,-28.66530720214975,testRohit
18.95517707716524,13.771268079422367,-16.70606529175821,-0.7433915511052587,5.351606987675993,-5.695963671840695,-42.38897392466842,-32.40194615841569,23.30261922426509,-27.009462948206064,-16.429893584127417,-1.4077774297075452,-34.951680373392975,testRohit
17.928438659759106,14.610599003005415,-11.614362045727576,1.12735368075884,12.655283796518132,-14.577044612956694,-31.36943498518669,-11.490077998602557,5.393438038824871,-3.0703691807292404,-12.62216514453508,-14.134756611702944,-5.979502977624492,testRohit
16.946099360963238,17.03981225498734,-5.856471167373465,-11.365754823610779,-1.0666838669497412,-13.993023275726719,-34.961410025655276,-13.162957547627288,2.405943075083245,-14.789747956115992,-13.472869134117067,-14.637325174091544,-17.00749327498256,testRohit
16.609470064873186,14.438509425830162,4.567514898215052,-15.994676429010978,-1.1724808509542781,-18.806168343885687,-19.835402886525006,-12.523142640569208,2.462594227932462,-8.320197817300915,-15.854546635273621,2.0056994278009936,-24.202223840214426,testRohit
17.23924391173715,-0.83715637343546,5.932788325657154,4.558993130471342,-18.57497771059201,-1.8197286718471997,-20.185227628089013,-18.144972585174315,11.274800850768928,-18.198815561578996,-7.420924793822015,11.467242487870017,-24.94254170256459,testRohit
18.03820668544393,-6.7207834910071,7.679334510908824,2.522301594271908,-12.38573538815793,-5.621305899174361,-29.72544574762627,-26.813763815245178,6.471750739498686,-24.08721516241105,-18.49931020749449,6.791978051900841,-9.782367525109938,testRohit
18.75945799515754,-7.421068045037888,10.04830800829827,11.177794962727189,-5.295439546544532,-2.340099546501304,-27.319533732335874,-23.939112990879256,15.0886544517676,-16.110274232272346,-20.29477864561548,10.054015053655739,-11.963283469990845,testRohit
19.078573138619685,-6.197229790290778,9.64659881176641,11.284741434099729,-7.236423570675643,-9.285458054932866,-37.39382834523408,-35.7729023571071,14.228738604772607,-25.66698278341899,-24.531751094289287,15.449205833079155,-27.10504992067014,testRohit
19.295321635269463,1.2505347592569556,10.850106164083467,13.404883616490531,-6.0579930315287,-11.931628636522833,-29.542434080424357,-30.567454490984925,19.08472613906668,-20.82424865843904,-24.692573947222517,22.042165725723656,-22.33890027171156,testRohit
19.43078062339324,4.750627878397031,12.12322210412747,10.479116730441215,6.588494211815821,-24.565842784316292,-42.18841423527182,-31.33986245092885,11.474082127911982,-15.680103611464741,-17.55201601994697,21.109492849801246,-15.86249331893171,testRohit
19.836891382568734,4.630110767938068,7.115119993093455,0.07144828860040477,-4.860796537571079,-27.138649841690007,-48.85407716177292,-33.427074188362596,-0.97104339205784,-26.61259847791654,-28.41770783709391,8.52901300814758,-22.386006364318824,testRohit
20.043850370466693,10.008583011861056,11.803162185990997,5.81041782983253,2.3919887752604976,-14.840774251305938,-29.72908080567945,-14.640952648604463,8.718211805324486,-19.968694904002014,-15.90571987446535,21.762042749096857,-2.36637108841811,testRohit
20.163211497908964,6.328781901296858,9.68655062356761,0.11330133243552261,-4.11488014791493,-18.458606954365635,-34.418263028699315,-16.481770355375033,-4.899247266259298,-33.059875845029275,-19.184675723001682,16.54313773429839,-3.701714456158549,testRohit
20.21364653089957,6.821806639337703,12.45546899411772,3.679277683580325,-4.09383802759239,-19.75136226068967,-32.16673384501455,-9.697659314887837,13.044008678836677,-32.997793979739754,-20.69235422999076,17.58686837730755,-3.869715457999997,testRohit
20.28471908594992,3.486930580351108,6.8853744396920495,1.8331908232564043,-6.982215546324032,-29.05651035603673,-37.202618041701776,-10.960702379143987,8.72604755980849,-31.475834457631713,-20.87121036614044,12.452748431227015,-4.924398119425678,testRohit
20.23976515921167,4.600673332447244,7.499629825592332,3.877241321056154,-2.776847980313893,-26.72594543993383,-39.4336524280958,-7.951823791403846,11.955878977926087,-28.547766236935153,-13.799661889889755,8.151268216084066,-9.000893193099897,testRohit
20.14040970658237,4.282751616041836,7.81086557656737,2.991818746988061,-5.388510038693359,-24.267542334959277,-33.244409053400936,-7.221022042104893,12.633306570842374,-27.103474711079397,-3.4634637073127026,13.820913700981322,-5.813321586731289,testRohit
19.931572599300576,3.2148137627207922,13.364007571159542,6.9889317784149325,-3.755094502415223,-24.249483534193136,-44.87722160955871,-7.925415215688178,20.149978854163642,-23.75844318419708,-6.1139767326240415,14.41411007417236,-10.43415600564363,testRohit
19.712356529540415,3.967909744018389,10.746885931618078,1.255155744200034,-10.637510574363986,-23.028521863108626,-47.63616619898185,-5.996747156119259,17.793730895630546,-26.001132983725245,-11.23256555953619,18.535862994309554,-13.507212572910467,testRohit
19.408919661850415,5.41819856196801,5.510245476624967,-5.62496121409658,-11.330265617759974,-25.626127402333562,-45.7617355390006,-3.364068335781172,11.654697440851796,-24.814733966364038,-11.977649608744237,17.96382638734861,-8.188983746244476,testRohit
19.27633737527392,5.739801874756761,5.621316510353417,2.3395580215780276,-10.257774854620202,-35.20276450715452,-42.07275468304606,0.7519964932482512,22.421246497316755,-27.114412845092943,-19.025644434019792,16.268630088164205,-10.703225965314779,testRohit
19.309055991389396,5.205786545420964,3.0566963104698806,2.8606747599835574,-9.03490858096423,-27.418849154255536,-37.7293474501126,6.649742264749781,18.116700950712122,-29.16682129865299,-10.488916626107615,18.035641246410368,-5.566181563092813,testRohit
19.41295231282641,4.104283401697161,4.766778993578374,5.6622464977299805,-13.97218696605392,-37.836019955246975,-42.77827988789268,9.358604334958684,22.72525456242507,-35.06978970822862,-19.64354532699663,18.278495999270216,7.409690948624793,testRohit
19.411671905976274,5.63395954430223,-1.5001609233644033,-1.573900350726176,-8.177338105775664,-29.255328720964553,-42.40074345412496,1.5459184088954168,11.562815988868053,-38.01501695457443,-10.55547545461881,17.482819902165485,-1.1137619959180822,testRohit
19.54011099592123,4.048498477950148,-2.3345494657343666,-2.5619743958510117,-11.202904371618628,-37.859760299596104,-48.61355980290441,10.086704142056595,18.736821292638705,-31.857161918604522,-7.238040870382543,27.479198370171137,5.414394091999075,testRohit
19.382094310595722,3.9728682200754726,-1.382724090221146,-7.580022781915688,-9.878509625088155,-31.617129353212107,-46.08892732303783,15.992702345113893,16.6167526402998,-29.61334714150984,-3.2506436523595235,23.559332572150236,-6.3792483956465595,testRohit
19.1624635242396,1.7633116665825435,-3.114558388640237,-12.046169032795527,-15.166126348398494,-37.182043068846525,-47.17150474880014,9.820367874081562,10.13731326470176,-32.53156289268799,-2.5752335296176616,28.218080077044874,-1.676606538101827,testRohit
19.13102199591127,5.628379922843524,2.9217360006268875,-7.906800335477612,-12.346625996544663,-37.83240459912031,-36.49297632541209,2.0790347911372318,4.570379394407541,-29.825209291682246,-6.52347053774164,27.667395295017435,-8.073745072593706,testRohit
19.385952695829822,3.706679574973926,1.1249618436136846,-8.983985295417831,-14.36115599949489,-39.3744839541572,-39.64175506755027,-1.3926052432902782,2.2303579671766727,-21.80065094470016,-7.4790703667995215,38.37096166174769,-3.4204346841461835,testRohit
19.401935726422906,5.762675826387116,0.5844950836043453,-11.492924839205665,-15.088552860681894,-36.784725631117105,-49.68790665226712,-8.682409199739812,-1.0407867026862652,-27.53141387194852,-21.010631121228617,28.613031311553648,-14.34675920134812,testRohit
19.09272904680158,10.197240705709346,7.581027659338921,0.055453986075804665,-5.004307590873285,-29.326257935868924,-37.541721028268896,-0.8366886599561285,8.434287866785942,-19.993129139114682,-13.549638124318248,34.432931680350244,-0.2361918730972073,testRohit
18.16137666006326,16.413623861936667,8.333207393207223,-6.677235366868365,1.801609238265179,-17.26043062328324,-26.698803537267906,-5.496496979324221,-5.1801229151323005,-14.100051181326988,-1.8373591269405463,10.188990530164185,-3.118510287168429,testRohit
17.944319345016137,17.166672675680626,1.7652954282072006,-7.398714978921327,8.92943996220247,-22.033190481613772,-19.500509536375485,-4.954714926247474,-20.45373117648253,-21.21718672700171,7.703644393988633,4.234839090233761,-7.977623005313242,testRohit
18.0364745188892,15.0616144750643,-5.291797820945114,-7.152834420509821,2.5955153297111053,-25.318291483620868,-21.339611147496715,-15.285301008654665,-23.390998863351808,-27.912809194152185,-2.316868510537738,-2.0471670618555207,-18.75699372516785,testRohit
18.222976845537133,17.93647794619437,-3.7670759879380267,-9.214247228869901,10.690671952387296,-19.703985125270197,-25.46110934355042,-16.95110868565035,-19.06917067628079,-21.97637032902473,11.918027596260796,2.1716277761630796,-14.407162073547504,testRohit
18.4689084221738,18.560921871681792,-5.014009317368732,-12.16936687682912,9.961162265482391,-21.215611784868404,-26.378705572830192,-14.282908782073703,-20.60994751571165,-24.845713343223647,5.6118740097364626,-6.387012073088205,-18.584374406655105,testRohit
18.589840956351612,19.852253823005032,-4.683778929537938,-14.189108551640405,12.099067661832734,-17.009102683046265,-19.10058319863087,-13.878387471464908,-19.46008624562682,-21.746225903185074,14.591382454759579,4.919102041240193,-9.671064644221696,testRohit
19.04271125653818,21.07500826106694,-8.874795052722737,-12.443257154779026,7.107572318925263,-13.296764940354672,-8.265035265871257,-26.872198126319844,-15.675899504801512,-4.824029849523751,10.422232466690046,14.920863600517297,-8.30044712664121,testRohit
19.427965390304873,18.935747650729244,-7.604736730942646,-19.718771171774566,-5.805878206481371,-15.840403830834658,-13.331865727690065,-30.16335807151687,-15.994349772331462,-1.7551405767980077,8.896525273244363,8.695554454887313,-8.679895162033139,testRohit
19.738251312882856,19.543209671843837,-5.7409999285682165,-23.133593997863677,-6.784543942418051,-17.580797038175117,-12.978970136427652,-32.83675300226073,-14.455742480997314,-3.7878463819583805,16.516026955065456,24.34106855001336,-6.023894645028947,testRohit
19.688087692112745,19.881572463906895,0.11350891847559488,-22.81935009074251,-8.28068715155196,-21.98213205605125,-12.226416751350067,-24.62402609637683,-13.465296668562457,-8.116476012757536,6.569964347305364,11.131593795108344,-7.346363639033452,testRohit
19.714034729475884,21.71483033240321,1.5573328284699364,-35.18069819625905,-3.9237728779852348,-31.72507300769701,-19.08636602812131,-17.74599577212249,-20.306062794533116,-9.71537532320415,6.724850530359124,14.857023768901929,-0.56923656418697,testRohit
19.72470763861117,20.694320726129945,4.103690650532808,-27.163699679275897,-6.2645692206341925,-28.542256560060927,-12.882810478025387,-15.056893354805519,-13.425837908433534,-11.169189607446006,1.788707181717815,10.886910205491882,-0.7973027579864085,testRohit
19.769390010787394,20.645443540790065,5.797617203274082,-26.413320334270775,-1.258183898017264,-24.9361508384982,-13.441644174588104,-11.737115733468627,-7.47547271414192,-9.619201948055148,12.769058229729922,12.624223955640602,5.748955996021181,testRohit
19.74504330230686,21.22377241568231,5.3568546429465735,-27.02325229901471,-1.0257079780739184,-29.075661626066644,-11.697903096162452,-8.914964533064827,-5.928627374789994,-14.782977786351545,20.095682808217,10.301276439199114,7.981104743920841,testRohit
19.693624696917787,21.406702548337854,2.881701438410052,-28.331742417112057,-3.742174208110536,-28.065852171325314,-15.566044577755065,-10.209414154545826,-7.361547303733217,-25.73838565908886,16.960751159092784,11.387998220591584,-1.6960687010488105,testRohit
19.76069066417285,18.459910706653876,-2.040024424916746,-29.102092409900386,-7.747324917485107,-26.116056032824893,-17.329641187852612,-14.862433802936195,-9.182682648355533,-21.78364244600432,25.487408338144643,17.11454162213629,0.4595227190880418,testRohit
19.872284425326747,20.200719003656687,-3.3200562540849776,-23.507986297810394,-7.046880048132063,-22.921475698962148,-15.94003847214392,-19.017264958997455,-9.340820005502227,-15.393156453395912,20.287794662438976,10.227630091267313,-9.780932441875573,testRohit
19.93864940176367,19.41213695097833,-7.503002596017708,-31.434971231479487,-4.9161035943314815,-28.106350324021893,-27.378290991005166,-25.709095309500896,-6.5071006329710075,-20.417336420861705,22.62309578468262,15.642415487712434,-10.057303047795022,testRohit
19.896164589323575,19.37428381920912,1.5507609858110967,-26.65393714782089,8.277306947679977,-22.64646941973784,-33.38812891619777,-22.43602245019866,9.206346484477942,-16.261353662335708,18.031581455297943,3.4540534707128634,-13.669018422392982,testRohit
19.888496332093425,14.547206068965249,0.22586960387872534,-27.67485896339176,2.0010262656082256,-27.75577693954883,-43.56737632032219,-23.231604528369598,11.145696955953175,-11.129796539153858,11.970726338257982,-0.07613034481177919,-6.087700150103053,testRohit
19.62835787414017,12.760036857468258,5.132924138822133,-15.36012002117342,0.014756149728404933,-31.119925412133437,-40.36978930812221,-18.471425677485993,16.268138117710144,-6.791686384297182,-2.757015389396735,-5.728872559735004,-5.031915106736757,testRohit
19.451148487337196,11.627367011382344,3.5706985498672017,-12.316012011439117,-6.426910265666718,-35.51310188188109,-36.187623725453506,-14.973069515827092,17.26634848872297,-9.841550460092815,-8.25856543396668,-1.231222267886953,0.055349410212046285,testRohit
19.125738597281874,2.0213112819502816,15.501351756324746,-11.79874278871694,-12.522521012731403,-12.987446087116808,-42.13752903374677,3.760014663734352,3.4265441637529803,-7.8050700121354035,-0.14729436970187734,0.2076649177802945,6.260861005266467,testRohit
19.107149158959455,-5.869989990838819,21.2449960866577,-19.795916766624607,-17.41361797184178,-12.82200934717141,-47.632619947485,-4.388459409199087,-0.01887599494038288,-7.646897873179432,0.48787439725737414,5.772213914886246,0.697596734822706,testRohit
19.279431999040874,-12.80320495368696,28.815389265461963,-19.151772153860406,-17.63554518193884,-6.819773583483155,-50.0918852302742,-8.365558646826111,3.2643193218829647,-7.349687810937487,5.561162536407663,10.987879250822155,1.5695404168430316,testRohit
19.324337436938663,-17.004673251568875,29.728232696713363,-16.420943813426092,-18.145238452292343,-2.493302553245961,-49.309991350677166,-10.690991717729709,12.384965247571332,-1.7771350700765904,-2.1719499689291375,1.9624526203274317,1.5653747344664524,testRohit
19.913316723229734,-23.259258761316406,27.77939519335041,-15.579229818145189,-16.74128696594601,5.5373045949268835,-48.586793948624866,-12.808318234005569,12.155946773364096,-4.525941677344201,-1.5097253855374348,-0.30769546329284536,4.943966970551683,testRohit
20.37364181668229,-29.343039700478233,20.164453048320805,-21.87866652310745,-26.188235838393343,-0.12736511886603413,-53.63227813386988,-7.936300814314705,8.022520853788121,-15.656261213649662,-6.234370808366717,-2.673834834118166,6.4214057629221655,testRohit
20.62370273441385,-31.07687392338258,18.25855305597175,-19.801449984440207,-24.992363990444673,-0.28914519019164286,-47.963222815576415,4.453215218372989,7.386001122822797,-10.303222011485856,6.419689871380506,3.710475762694756,10.812820183983098,testRohit
20.300263692915543,-29.127401037522837,21.71747859177206,-13.697698462585706,-20.261961556980467,-0.6940993580272693,-42.79357510786445,4.235371167369034,4.501283415700429,-6.642424337864735,14.258461694106819,5.061259958015953,7.363518074874161,testRohit
19.47075990705791,-25.756781165383128,19.595074004566538,-12.97304278340758,-15.039927056280119,-8.369767308237753,-60.617332768475514,-6.068056708276165,8.674012517012498,-7.31913646182197,9.685089863340973,5.049276514383617,-1.284920955352878,testRohit
18.421749215324226,-19.28953884376246,17.310605554100285,-16.670129988354077,-16.963643819121543,-7.955035880543015,-54.24594800094687,-7.214509060254023,14.137363131767698,-5.50465133136332,4.49344718865589,13.401676087133836,1.468399712748658,testRohit
17.115297010558027,-12.96079260565692,14.480865901480716,-15.182829365698016,-15.83586471073881,-5.153195439910498,-45.21703489350732,-0.32536058611371016,18.671011014864092,10.862021947934805,6.8787999139162475,13.468980974371132,3.8001532459446055,testRohit
18.09010858955649,9.688314955438573,18.61653498119772,-10.611021944275038,-8.040511099995019,-16.007068470236025,-25.392244410741494,-11.813697323620033,-1.002330826391319,-6.313121600824266,-0.65571710739174,-2.897151500024031,1.176172027224707,testRohit
18.864051392782837,16.434876810132828,6.827735370210793,-17.867767582292295,3.2197683306678035,-24.901442638706932,-23.051519421324457,-13.661434970818535,-5.42863058699896,-10.942350642929377,-7.375877656303608,11.42158752042251,-6.1421398776407425,testRohit
19.259004976898318,18.060745526286784,4.7038099072641275,-21.822529166695904,2.461886414307807,-23.466166017219933,-28.67788696249873,-7.897090857717305,-1.3217653488160457,-11.49996231593659,-5.647238737017847,16.559618110007214,-5.764961489301224,testRohit
19.034760579866308,18.55187324424789,5.892012022325206,-24.67996033621475,-3.231453277322502,-24.986852483694925,-25.77500129164214,-8.626924548125338,-7.857950198101998,-17.360431507847487,-12.733989917757341,4.751872186177607,-11.04755083448062,testRohit
18.970356696406693,20.750948837794855,3.8581404147765483,-22.760673144271596,-3.4098630330860016,-26.39855734771051,-29.257442454183153,-8.728476767654566,3.9171790413457996,-16.844747456628397,-5.041856060646508,0.9308831586679545,0.30646653197685114,testRohit
18.882989512096803,19.40723442208167,3.1293208237026704,-15.171664533332331,-6.039128997991047,-31.0651487201294,-24.332822772470717,-8.496608555764626,7.565059888511506,-15.675777256848585,-12.578663271526898,-1.6223638616717504,-7.721750634443653,testRohit
18.45177986266196,11.316958996271996,4.322143132762195,-13.14576317630282,-14.658586812178946,-23.299950004274976,-43.47931282920366,-0.9426029450067167,7.619766798491333,-20.297989427886147,-8.706319734519633,-11.938118827585436,-4.9693804593413295,testRohit
17.630040379627943,3.4871002556879414,13.995137285202867,-11.07695084407715,-14.520932297546869,-2.058676767556165,-38.92540247809272,-3.976678676772448,0.8711192701735415,-10.186095245647135,-0.33595421156355565,3.284861497194115,-5.020280513605215,testRohit
17.54131288834462,-5.510107494558919,19.452136684320244,-8.686122731370938,-24.958508902829085,-7.270730651238771,-40.24337855539758,-4.430938899351586,-2.095770468131729,-9.964446278486578,-4.633751208743624,-1.650036310341592,-5.705569647997153,testRohit
18.22231157906277,-12.496934269703049,23.85832081453729,-10.788036810670189,-32.473334208869225,-3.4605818572968787,-38.4177976608444,-2.1161035838577464,6.976578665140194,-8.32201368323328,1.4929538780554954,16.01331694322981,0.5989254819923551,testRohit
18.901251826412587,-19.83148418635293,19.789562245677335,-18.410774258818833,-44.84362989709236,-7.678187926409313,-39.828330287194284,-1.4021368972337027,0.11304218891536838,-14.20065062474738,0.6951773057693625,6.948682107298553,-4.121933086260211,testRohit
19.398298689789293,-22.73195859666066,22.636256340059003,-13.747724553978314,-37.11768929344514,-3.2614647865090287,-33.994383211657734,10.450075032095564,7.503732339019088,-7.3021574453783975,-0.90139165897211,1.3877126785386222,-0.627004090503964,testRohit
20.024266144314133,-29.894204401239037,14.133829656180122,-14.954799477008635,-26.359114737293467,-0.6533656870457497,-37.70617311479541,6.236616798846154,11.044054011769264,-2.076848656059485,-0.6032724244046812,-0.026985908102558295,-0.5120579965195087,testRohit
20.006672895148206,-28.952297284414023,12.356230297963632,-6.811033038343882,-9.589002210540833,-0.003592665653663103,-48.486222091080556,5.804390877945222,23.411098713389347,-5.521178358953669,-13.631009625849378,-8.256993557581344,-2.6576320950607903,testRohit
19.460292751077862,-29.566857524267554,4.698354582655409,-8.539733276135118,-9.410743932942886,-0.4370248857660935,-52.41592104153253,-2.0796140875023097,18.343795552695976,-10.220238750403352,-13.462820511824676,-2.6286264516871976,-2.142215750742379,testRohit
17.526836736953246,-18.24280574090009,-3.3732676027515,-9.141793472846418,-5.744768132649002,0.9422402569630304,-51.10587453256488,-6.590536027150174,9.634476599055267,-4.499752554728673,-7.857400262086974,4.241259085825461,-2.5696510928087863,testRohit
16.318868217709017,-7.678772555550319,-1.7804675210230447,-6.366914983375657,9.900873512904674,-10.468405111204907,-42.334819602566526,-5.49716478444154,20.239423752122242,-0.4884547751228912,-1.6894063659170757,-4.9341315090754625,9.391461229193848,testRohit
16.43771434476908,-2.223743528208571,5.77751688046908,-1.2107998822944854,15.654357624091128,-8.927880348747722,-43.44305459505855,3.279757806478358,26.126678247541864,-2.0417868322667734,-4.314590497415247,-8.267791478097866,1.8297738486705146,testRohit
18.21357947379216,8.34858157773804,-4.772942549922496,-13.295540238206547,11.084002749514603,-9.368340805780377,-42.4685236537676,14.39380665818546,32.36730683788272,-13.319106863994854,-11.721069213855849,-9.608016800353523,-3.543356435881814,testRohit
18.78132793448252,11.022097674185396,-12.930282230862058,-17.00855381103484,2.150642776754444,-25.819443567354657,-58.2898241677906,0.7677761038692593,23.563771163961697,-19.233365317378773,-19.628415083758075,-20.147131695494995,-9.824412258721358,testRohit
18.931467804671204,13.215154907453405,-15.074507777078574,-13.097551413762952,4.260034687834218,-20.70922477472682,-57.70944205152963,7.268617710158576,26.424979253263057,-16.63616859425036,-17.765498156049517,-13.688891006456563,-8.091650400514082,testRohit
18.544456165064656,17.03253522616093,-11.768208624567052,-8.602517399682476,12.1090135142461,-27.718535328637202,-44.435631570309006,7.084047153977436,28.64889268284677,-10.201217102601541,-16.22891665107981,-9.490337762250526,-9.291452644226656,testRohit
18.3970631784719,10.798003996803667,-13.362820135118314,-2.8005658760729037,7.271101179434883,-34.82039805604939,-43.184634906053944,2.915597082969811,20.50410924839232,-9.723468761674695,-22.34844852978667,-9.331533300073877,-3.6739081403133294,testRohit
18.16590679848646,14.756141487454764,-13.08308482586431,-8.488219665274476,16.910775317023557,-36.39985774120865,-45.51874143529146,-4.270962400558736,21.27080447879094,-14.875476612982826,-30.942163549820318,-8.517752357342978,-2.054626869425722,testRohit
17.87255679148951,15.776576822839434,-8.599012254234587,-4.83740767908951,13.637747056988003,-34.41494765060648,-40.914735805245385,-2.8667515091405895,7.967991973471966,-22.500102973978866,-22.311263169709882,-5.289531879700854,6.834759654146499,testRohit
17.591565785653035,17.858010037563215,-0.8897416186014101,-4.050490776694071,12.410537867050316,-23.750708889884194,-33.91507621262554,-6.755849296004652,-4.324317207735575,-14.438512954242528,-14.843833022539233,-6.110334938071996,11.485017186646624,testRohit
17.362446258526354,18.897455002200402,4.484584991157168,-3.63928098102807,8.459462721900314,-30.27433701137719,-36.669810108158224,1.2709039221872873,-1.6649648494048677,-21.95482839462079,-19.946144886784964,-5.7379737412680365,10.433317591258342,testRohit
17.21560852167069,20.115921364486773,3.8141636809810637,-5.1453672590073705,7.353003766562051,-22.87123296392886,-37.92728151586864,-6.2664666305926575,-1.3339035039027156,-22.89081341209852,-19.284246314449344,-2.493240196047606,7.480427651553937,testRohit
16.590450433785787,14.843163290245348,3.899686678259193,-5.9417300098382695,-3.4811955027290544,-30.776486774793305,-37.27725754246635,-16.985047290098848,-3.353837889309158,-18.692509289476902,-24.844121976258158,-18.502126358338675,2.0219709621730986,testRohit
15.815323920214421,16.537302528378518,10.183892983249448,-6.338540909398525,2.9417413635248257,-22.640921370926957,-25.837586457842676,-8.220709949729402,5.784864821776151,-2.638726487657211,-15.966168255203243,-14.048892365514169,2.2626692592161577,testRohit
14.811732880103943,12.927544548009001,9.959537473204524,-4.115854631748035,-0.10912039492932225,-14.080467767799046,-21.157757210258254,-2.880409895879785,8.118256677374896,-2.2996730990531806,-15.023253558424027,-9.196046005832486,1.7339444550445877,testRohit
14.443740738109902,9.341546312893051,9.438542389220432,-9.22335487389992,-6.331088262420405,-14.053941619377138,-26.96068084180405,-10.00803774208288,2.7914755586425066,-10.313851901213441,-24.87481497955756,-2.5644267123785847,10.28764397547659,testRohit
14.382785216134325,5.414234033926566,1.9896450596340098,-3.997811860985621,1.898359418704355,-23.92311418634605,-34.74450310492617,1.6792479828667501,0.037194301123309306,-13.28846989054871,-11.48770248534569,1.9635285568975904,7.53960214807046,testRohit
17.857197301427988,5.731191960060279,-25.546287118105926,-3.208052692714545,-12.864539653192061,-14.832286373576842,-31.803136273621494,-24.101911096768063,11.427004172887601,-3.7025986875185835,-14.628801008544842,-3.1912402819079526,-14.43521876101216,testRohit
18.747334292053957,12.614087340953771,-18.564211168971916,-0.5226938112468537,-9.543499043321884,-14.282188366580307,-35.611245408686344,-19.552581816430784,11.96867631282485,9.441591458295141,-0.029550709713844703,8.470101699186023,-11.862048424937305,testRohit
18.96832503885562,17.42263326330802,-17.891876943099344,-14.07374045557349,-3.206424832370476,-22.90299414446436,-41.94020815736619,-10.526058484288004,-4.394873641280475,-0.22870953897528887,3.8556211160859144,1.7463621162009517,-19.338332499375984,testRohit
19.196495167606557,20.143679380606383,-17.455709435728274,-10.732608600355139,-1.813903740649388,-22.384823723557858,-40.70370321551371,-8.380142819519433,-1.1449776461052383,6.461972601803543,12.215381643456311,-0.6376063819215608,-17.83556559640268,testRohit
18.955552053287697,20.75191409501943,-18.312089508981586,-11.459313671851115,-0.5817822110510681,-25.66223695648621,-44.123940822816635,-9.592417888406665,-0.3147163937891146,3.421586651182053,12.895941406678206,0.8000686735198562,-19.38158191654283,testRohit
18.83455058811429,20.978862403765866,-13.754943800421428,-14.780342574048651,-1.6777787369936454,-15.930383277374782,-43.456143920391476,-1.333461921790387,-2.3899651121837744,7.4051826572811965,8.348494542590897,-5.018734367697087,-18.198381524409914,testRohit
18.749758131156113,17.165611701304556,-10.989199625154617,-14.956813585048696,-7.428093318461659,-18.551051040975395,-43.92109526006261,-4.271439541868879,-8.25419360198043,10.179385697908101,16.246409320082503,-7.891504186167044,-16.828210265942502,testRohit
18.473547114633664,15.537500780692568,-10.959441958254834,-12.861035611964516,-5.318421908003491,-18.639153283426722,-47.30509847025936,-5.7306061674717,-8.36112558605424,11.021485449989694,19.398318347056307,-6.562054724418216,-17.055740516837727,testRohit
18.033789259202592,19.168614184237573,-11.536435111113802,-9.390105767883101,-2.5678068249196735,-19.978394492461266,-34.33842120324808,-9.575428972336105,-8.2816659281521,8.130204815969034,14.362942562439628,-12.613199757241123,-19.14659874455373,testRohit
17.873091484982517,18.02300794617195,-12.984350562819976,-6.57604329426718,-2.2406215793300768,-21.29777928410408,-32.42383707480166,-9.996066931931274,-9.619282031455123,5.993210055113856,15.06895399315665,-9.24336393116773,-12.816243471543636,testRohit
17.38733396572875,15.074069527527625,-12.921269973564524,-6.473924905498887,0.041689428211523605,-25.34203141808622,-30.11417391231162,-16.123052061068602,-15.59041125199374,5.552910561991587,7.242164410861914,-14.016648770585235,-16.079196976401747,testRohit
16.882803121739947,16.45352452843388,-9.01056512732516,-3.0559183587889893,-0.1426013058402612,-34.35810629825657,-34.32442011987131,-20.1531383233126,-9.824325526489739,7.626478100589928,2.7897676920772216,-14.292931756834598,-18.44094198981281,testRohit
16.12284610653326,13.301692873491682,-5.447846104743923,-9.0103456533992,-3.5769654395857566,-25.01216250210977,-27.200866762669193,-13.91844656370607,-8.080848503186608,3.112345261090572,-1.682237710372255,-9.290337564528864,-23.686537843447734,testRohit
15.641063561241161,10.005628646950093,-4.613596729425448,-2.5352293796391914,3.7665000098699246,-24.426365197639694,-25.191595559811333,-9.761365838056529,-1.705716517428799,17.75512017968,11.999345336782318,-6.955922411265199,-22.206081676058886,testRohit
15.695600353221549,7.239595028440037,-8.398894086743425,-4.668522551505317,6.729000275453112,-23.057924177378315,-20.32113589623601,5.018591074545814,6.992634868188597,18.70405629909563,13.491899670811973,3.768108837579287,-10.136851822148197,testRohit
15.52100067245799,1.757540918145059,-12.638681190726517,-8.99352559402866,3.654636004398197,-27.168982892362397,-20.680734087649835,0.5590068306685206,9.936039334252262,8.458688255213128,4.162746981329547,-11.09271351614687,-17.41896124141987,testRohit
15.365928239228358,1.3926331812454074,-10.362344226675232,-11.756656003417993,6.615924041824293,-27.944365757089784,-19.719783506215066,-2.1035676472632256,11.779654719685075,6.829111290017159,2.9499777231167985,-21.364782810453022,-12.497315993559186,testRohit
15.048305586288109,3.7348483408469915,-9.037534516671018,-10.255055973428012,10.340644104193894,-24.627095428955517,-13.107539619660168,-7.231259491927478,0.4038174339029167,1.6506729438475514,3.7364744595934734,-18.945327605906648,-6.437142685890453,testRohit
15.200620290218948,1.9172358470030082,-10.310671142799416,-12.226735707463694,13.712966219583143,-25.30006177183577,-21.214194943314165,-15.920721775106882,-7.893808158729853,6.47097013879203,15.767896895997591,-21.7687788457105,-9.582104732501202,testRohit
15.120431492432711,3.640760329082104,-9.306960893455834,-13.016211036396514,11.683920376180442,-17.848455072252644,-13.24340777220169,-7.0008172027564965,-4.752751286263212,4.5000598510038685,18.23862234595039,-18.580985651917842,-6.0158567971792705,testRohit
14.849683252940915,-2.7935881289302626,-18.432590172513567,-18.07621819726691,-0.6062443275368327,-26.9925874029426,-15.17015996280309,-6.930497530918296,-1.4858390459630608,6.5296108532302535,12.008779280513387,-19.910526994250567,-9.400993216819554,testRohit
15.000721643567836,0.9758584615091165,-17.19134977385669,-12.499463535416218,2.9994752263991913,-25.20619648130989,-14.96182759361362,-11.848432927021808,-3.4399200898262823,13.356138405101126,11.777068449621138,-15.756879923443444,-4.5054210302896305,testRohit
15.044028458491237,-1.2668957778262466,-22.328392567661314,-13.393632894667231,-1.333077277441454,-32.040488430876046,-17.385969902322937,-20.46960120114519,-8.779552704952536,4.888193261678546,2.925637383701708,-15.96475798654665,-13.830965553244994,testRohit
15.044844960385994,0.1322939834486532,-22.34534012526704,-10.928974671474142,-1.2305241606968007,-30.552223946108995,-16.598995348610615,-15.075594307116539,-5.503265255883484,7.640477569513905,8.488443611769178,-7.768111667613732,-4.691173900707946,testRohit
14.927304794817152,1.7521454556423668,-19.006467532088926,-7.148516396379206,3.596950523198055,-24.301921014120477,-9.913504237964496,-3.301099493293057,-0.5191943295573167,10.860208551894335,5.4493819683396385,-7.83188827375935,2.8274308221458035,testRohit
14.824359852011204,1.1550165058056772,-19.429601188880376,-9.909918727720857,0.2504416514272542,-25.63947584973797,-19.498956052547893,-10.835023864790063,-0.11750925475289453,15.52128191931705,3.8818673013286555,-2.498515269672103,-1.181747199822401,testRohit
14.85501275973673,-0.16022440038501923,-22.512359590221887,-15.94239885629507,-7.654089220594942,-26.27917435401229,-26.426400474663485,-16.50759362423917,-5.41062777911677,15.441511324479015,-1.1993741967689397,0.8450745754315918,-9.746504391289145,testRohit
14.731369316702716,0.7700817436835374,-20.1843066580906,-12.212416673146185,-4.911238155775082,-23.062730374799273,-21.139496448746677,-14.57369495802789,-7.5707248019917195,9.512795516629977,-5.008961290904592,-2.448538897444126,-7.92638534822537,testRohit
14.643243754181462,0.6898018430630093,-19.820887413614386,-11.085138337149049,-2.5820248391486653,-20.37462858431529,-16.518910131632097,-8.532721053169965,-2.6319972761761457,12.64017584428594,-0.7360285499554283,-1.1291992668506678,2.5905081525415565,testRohit
14.354619890662445,-1.9121740151846067,-19.426990591133023,-12.983491752887842,-11.425153427457959,-25.478452713861206,-15.845886914594038,-14.995165032563811,-4.444853301017724,11.938994965273535,0.9989774712770274,-4.023527745636855,3.8805744504654602,testRohit
14.175403012251849,-1.0291809909391918,-17.106947513675763,-12.757603739028312,-10.882792410964825,-24.6916828145667,-16.238856777389554,-15.230796729250944,-8.531546100358256,9.299290118254099,-2.418914648955817,-9.094991569253796,-2.0617318976802714,testRohit
13.82017379925284,-3.96646060340933,-17.391506724479726,-15.09630044793622,-11.770751892766857,-23.994178424782746,-16.67694366382281,-16.54743308743492,-17.08169548189249,1.6797787002112916,2.2218577167836275,-6.9480565604497215,-5.884546764711469,testRohit
13.49956058571093,-4.303965863212626,-15.095748119382023,-11.325948618776746,-5.1359786429476,-16.60039193826725,-17.898920359280503,-7.9806863220868784,-11.522915319111656,-4.989533644190136,-5.957418304774631,-9.58957311799683,-3.245066700888827,testRohit
13.51863612169772,-3.4877211123494294,-12.962747971648021,-13.637454567296533,-5.942033354929566,-12.531576556316367,-14.527171442071529,-17.513943079143573,-17.35127601730392,-12.544155315591256,-21.784496961482972,-14.838186877895655,-7.681374098910198,testRohit
13.419316275210779,-2.3724995697648543,-10.579038223430384,-16.398525083812412,-4.247595534730107,-12.805669207778395,-14.380381165801756,-17.05051710014387,-14.084061030704612,-11.093428796042168,-24.37692956896223,-17.382613497429734,-6.70471406866149,testRohit
13.28728187376806,-1.4680290263531233,-7.695487700201739,-8.791457088469022,-4.031359843599825,-14.786326136043817,-16.554834758060217,-16.049701546418355,-3.416585452977787,-8.865262835215464,-20.65834203797917,-10.805613159449297,-0.7190677421791164,testRohit
13.092418432233996,-2.6535907921393314,-7.988882608380685,-8.170199907942964,-9.076033399818234,-18.272586809802664,-16.91258229346096,-12.123980689156818,-9.271205494987477,-13.223084214764578,-12.478289823292918,-4.485869146145198,-3.2378481094151677,testRohit
12.90432336314526,-2.4625311324122343,-6.43474038637628,-8.106383064035697,-9.213230339579797,-16.11882033427074,-13.815845668399232,-10.643439840417058,-8.746745849887812,-7.276895762736783,-12.994541304989761,-4.111407438032019,-6.492721834121471,testRohit
12.794576409513956,-4.088052802385283,-6.572997402458859,-7.4744543949615725,-8.635198707335238,-16.160067745536825,-17.413048070184587,-8.460631300064929,-12.2890451981871,-10.06069510787518,-11.543536638847902,-9.895081722749396,-7.4195105107136845,testRohit
12.750711701508541,-3.230764866108265,-3.9429326996770673,-8.61988411292491,-7.675599324519861,-12.911841257269886,-8.93549307206673,-7.759681142201736,-6.778375649484971,-11.623992741613645,-6.531174939901783,-6.889214972270814,0.43214498222828146,testRohit
12.734897367673897,-4.166138807203962,-3.0664289958190336,-9.730561342040096,-8.013332885237379,-10.678838763461725,-6.652836394708264,-9.961573699290183,-8.360433783103312,-13.20338458273995,-5.834794415176593,-4.582990026545281,5.253329783180656,testRohit
12.737020608577021,-4.833776825120498,-5.631169537238654,-13.383716329369996,-9.023693990262851,-8.774025227665252,-4.848609722640937,-6.659405725417883,-2.3821328848428354,-8.622892556940018,-5.399400087627441,-5.214759085441504,-4.77696788744269,testRohit
12.613912821181806,-2.6048564815590045,-2.0092064903809352,-10.442512105411238,-6.118275387710478,-4.058843467018561,0.7484847501174127,-3.6532099826761883,-5.798006592938538,-6.542244538729007,-6.900505459169929,-9.575352062185674,-8.927619400614919,testRohit
12.564648627987388,-3.332240681303541,-0.8971944640259468,-12.119152975742429,-10.964890962784121,-11.20730040003384,-8.994262152396947,-13.529189478456896,-18.25688546356752,-11.450046944561985,-8.654986686528373,-4.958153289816272,-4.39013045314002,testRohit
12.653366899549445,-2.155376535026082,0.7991711655903655,-8.176329318521175,-7.8126562868125085,-13.239581347003837,-17.46627954029486,-11.944978999981474,-16.227147549758385,-11.234725159856408,-5.535698638829817,-1.652074847937384,-2.8146191252670474,testRohit
12.75278041318077,-1.9395624484323297,-1.3516673599896474,-11.848588153471892,-11.104810880014677,-17.42057605726277,-18.894100427260017,-7.89827183600587,-11.401733450952655,-4.252985872949344,1.9366321777353332,-5.046736058438291,-5.344501591118933,testRohit
12.803208693024226,-1.5079688094171175,-0.8965281895447269,-12.607502780448176,-9.45862501353512,-17.348553783984702,-18.372546931458608,-7.50073803847312,-5.983815254783203,-3.145512769833595,5.831230334062142,-2.7120575982305732,-9.71802317107589,testRohit
12.592548551406216,-3.564214901857791,-2.3738789692767917,-14.775605107713396,-12.500325678202373,-11.43680654626249,-15.329637183622129,-9.521548750278466,-5.963914730672894,-6.686534858781703,3.1839510598039036,-4.169741461021985,-9.39078835190037,testRohit
12.55819720780281,-5.774365873390956,-1.307156584947852,-10.559110880021418,-12.227303750165774,-12.901684189287307,-10.80757445037172,-11.383226175959782,-4.989899227093664,-2.5406545928943993,-1.5672440343273524,-5.388380146721233,-4.49950568569341,testRohit
12.539116350646282,-5.468591983379648,-1.352004253137812,-10.287152194952649,-13.455430169309075,-13.756302617041369,-9.736539281028174,-7.833169197719937,-6.826499271702818,-5.658795272027402,-4.455867981623279,-8.413893850100319,-5.952450607761049,testRohit
12.42639680906964,-5.717494808857547,-2.7136622908013557,-10.361005277787905,-11.418130984270018,-17.424784383507294,-13.773992235456243,-7.427992528527439,-6.437314045633684,-4.163623219953364,-6.855565457406892,-11.126648670460643,-8.87241517352835,testRohit
12.469482691898376,-2.660478771200913,0.13219981253139912,-10.794377476609412,-10.553850570937216,-13.39372585936152,-17.722286652990835,-10.166166457851215,-10.383235555452039,-5.6654958273994245,-7.400882301683101,-4.390028873898686,-2.1313126329396224,testRohit
12.55095411534067,-2.918407110040915,-2.2948432652771436,-16.989236422983748,-12.810358274460407,-14.891217814871187,-15.069444412054047,-11.012593070400882,-21.81078675277811,-20.021587335990596,-17.776523470785044,-9.820300821955632,-4.714286839828609,testRohit
12.547286006491063,-2.567859976966858,-1.604102265632143,-16.537216587706666,-13.326499297189216,-13.82851349639732,-11.051853204329069,-3.6909432385120025,-11.904528042494347,-11.979293592754875,-11.534069313700838,-5.088421550887598,-0.4152718268750858,testRohit
12.489194958557194,-4.472965746945061,0.29716582162460425,-11.955410737626432,-15.990446150655828,-17.683047850361444,-11.615191423222187,0.18035948772221558,-4.8389989992889015,-14.695546863214137,-10.7720382938467,0.1280924303583418,-1.7187918564268516,testRohit
12.43823739584941,-4.224205642379335,-0.10135102035000003,-12.688196898113834,-16.904490803647814,-16.258342230572456,-11.26142651750898,-2.6708916263238454,-5.96307964557462,-11.700364888855612,-4.23419745216459,1.266240811181366,-3.960406702030388,testRohit
12.100027356428807,-6.843882480255064,-4.555155599301987,-15.77175729966847,-18.14132226223854,-11.915926824168979,-14.795171440578759,-9.964962146805894,-9.285299679399326,-14.23378858322603,-9.391200977919992,-3.5148671998883705,-7.773542385966939,testRohit
